series,threshold,precision,recall
In,-0.1339668872049302,0.006105654366870188,1.0
In,-0.1309304687417125,0.006156316916488222,1.0
In,-0.1283066443967906,0.006171183257311511,1.0
In,-0.1281976149625452,0.0062246278755074425,1.0
In,-0.1281913365278749,0.006258503401360544,1.0
In,-0.1278659544073596,0.006263616557734205,1.0
In,-0.1277917578676867,0.006265322800326887,1.0
In,-0.1275521412756702,0.006320417697169552,1.0
In,-0.1265854289500287,0.006329113924050633,1.0
In,-0.1257684125862819,0.006337834114081014,1.0
In,-0.1244707646654988,0.006357103372028745,1.0
In,-0.124423192752922,0.006365900913368392,1.0
In,-0.1236281142005084,0.006369426751592357,1.0
In,-0.1235883296502464,0.0064013359309769,1.0
In,-0.1233931703478532,0.006406685236768802,1.0
In,-0.1231117305535565,0.006442577030812325,1.0
In,-0.1230649579576272,0.006471581316826111,1.0
In,-0.1223105439277294,0.006482525366403607,1.0
In,-0.1214664625584678,0.006607296753806378,1.0
In,-0.1214664554921963,0.0066091954022988505,1.0
In,-0.1210779765980981,0.006618705035971223,1.0
In,-0.1202421167194092,0.006622516556291391,1.0
In,-0.1195605650212939,0.0066244239631336405,1.0
In,-0.1190732980167769,0.006628242074927954,1.0
In,-0.1190699095710465,0.006637806637806638,1.0
In,-0.1189423808639314,0.0066454781854955215,1.0
In,-0.1189324774311134,0.006647398843930636,1.0
In,-0.1189298940608125,0.006653167486259763,1.0
In,-0.1188971798627678,0.00666087460179554,1.0
In,-0.1188280277135408,0.006664734859461026,1.0
In,-0.1186150356814096,0.0066841034582970065,1.0
In,-0.1180013117201044,0.006689936009307737,1.0
In,-0.1177119389051398,0.00669188245562991,1.0
In,-0.1171191851046514,0.006697728596389051,1.0
In,-0.1166575319907992,0.006705539358600583,1.0
In,-0.1166143548830636,0.0067428906479038405,1.0
In,-0.1161555517601983,0.006744868035190616,1.0
In,-0.1160690353058886,0.0067488262910798125,1.0
In,-0.1159878549268391,0.006754772393538913,1.0
In,-0.1158990243707649,0.006762716847985887,1.0
In,-0.1154723507924368,0.0067866627323694305,1.0
In,-0.1151385098501288,0.006800709639266706,1.0
In,-0.1151310191522762,0.006804733727810651,1.0
In,-0.1146476535579714,0.006808762581409118,1.0
In,-0.1141646738448804,0.006812796208530806,1.0
In,-0.1137493871476156,0.006814814814814815,1.0
In,-0.1136471351619862,0.006822901216256304,1.0
In,-0.113255541117167,0.006824925816023739,1.0
In,-0.1131772934427966,0.00682695161769071,1.0
In,-0.112758113987041,0.006843201428146385,1.0
In,-0.1127540479809418,0.006847275974992557,1.0
In,-0.1127292508540785,0.00684931506849315,1.0
In,-0.1127266893645844,0.006859528780196839,1.0
In,-0.112579334590293,0.0068718255153869135,1.0
In,-0.1125315261380357,0.006873879258816497,1.0
In,-0.1125039611569361,0.00694654183026276,1.0
In,-0.1123266062950351,0.00695074040495618,1.0
In,-0.1121995676975989,0.006952841596130592,1.0
In,-0.1111200861081896,0.0069570477918935265,1.0
In,-0.1104601225780937,0.0069675855801272345,1.0
In,-0.1100900306825964,0.006976038823172581,1.0
In,-0.1098767564551227,0.006995133819951338,1.0
In,-0.1098411159371278,0.007001522070015221,1.0
In,-0.1095477989643995,0.007100957085520223,1.0
In,-0.1094699539402943,0.007103150092649784,1.0
In,-0.1088884968613007,0.007125154894671623,1.0
In,-0.1086794580881378,0.007183010618363523,1.0
In,-0.1081208202442005,0.0072168183244430495,1.0
In,-0.1080035260818687,0.007223618090452261,1.0
In,-0.1075702303159203,0.007230430682175416,1.0
In,-0.1072282075493888,0.007241813602015114,1.0
In,-0.1071230647034122,0.007244094488188977,1.0
In,-0.1066515524708248,0.007246376811594203,1.0
In,-0.1063165549927752,0.007248660573589662,1.0
In,-0.1062886851420777,0.007250945775535939,1.0
In,-0.1060283593676978,0.007262393432270287,1.0
In,-0.1054632165093547,0.00733652312599681,1.0
In,-0.1047995018074798,0.007338864071474154,1.0
In,-0.1043251213171554,0.007341206511330993,1.0
In,-0.1043013721728989,0.007369432874078821,1.0
In,-0.1038377378420175,0.007371794871794872,1.0
In,-0.1038164465188632,0.0073765234124438745,1.0
In,-0.1037984746211593,0.007393121182899389,1.0
In,-0.1036054471291936,0.0074554294975688815,1.0
In,-0.1035267625866435,0.007469957778499512,1.0
In,-0.1035139029964669,0.007489417127971344,1.0
In,-0.1032570719912073,0.00749185667752443,1.0
In,-0.1028905635901026,0.007494297816878462,1.0
In,-0.1026291114777283,0.007499184871209651,1.0
In,-0.1024519412957743,0.007501630789302022,1.0
In,-0.1024087371905784,0.0075089781260202415,1.0
In,-0.102378669908439,0.007516339869281046,1.0
In,-0.1023152184826241,0.0075335735342286275,1.0
In,-0.1021072326987852,0.0075558475689881735,1.0
In,-0.1020835686608604,0.007605820105820105,1.0
In,-0.1012208979732303,0.007608336089976844,1.0
In,-0.1011616923956152,0.0076184166942696255,1.0
In,-0.1011078534873076,0.007620941020543406,1.0
In,-0.1006842555778266,0.007623467020218761,1.0
In,-0.1004775390987565,0.007631055076310551,1.0
In,-0.1002211256225805,0.007659007659007659,1.0
In,-0.1000710876019795,0.007671781187458306,1.0
In,-0.0997431572821054,0.007682030728122912,1.0
In,-0.0996050216877596,0.007694881231180997,1.0
In,-0.0995911474010852,0.007697456492637216,1.0
In,-0.0994530200686671,0.007705192629815745,1.0
In,-0.0992340689953043,0.0077181208053691275,1.0
In,-0.0991315243190515,0.007720711648204095,1.0
In,-0.0990931413934109,0.007728494623655914,1.0
In,-0.098782275940494,0.007744107744107744,1.0
In,-0.0984731604544175,0.008633633633633633,1.0
In,-0.0982675319709703,0.008682521706304265,1.0
In,-0.0982405290949702,0.008685800604229608,1.0
In,-0.0981736245906405,0.008689081979599547,1.0
In,-0.0981582932094822,0.008692365835222978,1.0
In,-0.0977087737066624,0.008695652173913044,1.0
In,-0.0976992062104757,0.00870223231176693,1.0
In,-0.0975472277180274,0.00870552611657835,1.0
In,-0.0973870833216066,0.008715422508525956,1.0
In,-0.0973062516693167,0.008725341426403643,1.0
In,-0.0971412734117426,0.00872865275142315,1.0
In,-0.0971037546353769,0.008735282947208508,1.0
In,-0.0969893676921303,0.008738601823708206,1.0
In,-0.0969619231866436,0.008741923223109084,1.0
In,-0.0968676958261504,0.008755234107346783,1.0
In,-0.0967943374613494,0.008758568164508759,1.0
In,-0.0965894792546783,0.008761904761904762,1.0
In,-0.0962837066420374,0.008765243902439025,1.0
In,-0.0962686802099604,0.008768585589020206,1.0
In,-0.0961355346012018,0.008771929824561403,1.0
In,-0.096077123776841,0.00877527661198016,1.0
In,-0.0954350408717178,0.00887688151292937,1.0
In,-0.0952526825528053,0.00888030888030888,1.0
In,-0.0947946441115151,0.008883738895326381,1.0
In,-0.0945994687264037,0.008914728682170543,1.0
In,-0.0945410023526411,0.008918185343156262,1.0
In,-0.0942404838627616,0.008921644685802949,1.0
In,-0.0935544555248509,0.008928571428571428,1.0
In,-0.0931452566595226,0.008935508935508936,1.0
In,-0.0930164558002424,0.008945935433683392,1.0
In,-0.0922958582264432,0.00894941634241245,1.0
In,-0.0921432620432474,0.008952899961074349,1.0
In,-0.0919890173373745,0.00895638629283489,1.0
In,-0.0918459532741964,0.008959875340864823,1.0
In,-0.0917112638471076,0.009012539184952978,1.0
In,-0.0916907217611546,0.00901607212857703,1.0
In,-0.0915126053325926,0.009019607843137255,1.0
In,-0.0914252258262264,0.009023146331894862,1.0
In,-0.0913954123505001,0.009030231645072634,1.0
In,-0.0912168672767329,0.009040880503144654,1.0
In,-0.0911696951932564,0.009080142123963679,1.0
In,-0.0908878971506039,0.009083728278041074,1.0
In,-0.0908468403032924,0.00909090909090909,1.0
In,-0.0907756266247858,0.009094503756425464,1.0
In,-0.0903716412312961,0.009098101265822785,1.0
In,-0.0903337279530384,0.009123363744545815,1.0
In,-0.0902916478283909,0.009319286871961102,1.0
In,-0.0898959412963168,0.00934959349593496,1.0
In,-0.0897734273926266,0.00935720097640358,1.0
In,-0.0897294202029829,0.009364820846905538,1.0
In,-0.0896533840316554,0.009372453137734311,1.0
In,-0.0896035101447493,0.009376273950264982,1.0
In,-0.089371508211462,0.009380097879282219,1.0
In,-0.0892964694289654,0.009387755102040816,1.0
In,-0.0889709666830228,0.009395424836601307,1.0
In,-0.0887621822519506,0.00944558521560575,1.0
In,-0.0887511398951273,0.009457236842105263,1.0
In,-0.0885251061118899,0.009465020576131687,1.0
In,-0.0883805892556605,0.009511993382961124,1.0
In,-0.0883641016695481,0.009515928837401738,1.0
In,-0.0881918969816685,0.00953961012028204,1.0
In,-0.0876982893586486,0.009543568464730291,1.0
In,-0.0876810140203434,0.009551495016611296,1.0
In,-0.0875197936645816,0.009555463232239303,1.0
In,-0.0874948169740949,0.009583333333333333,1.0
In,-0.0873823264483741,0.009587328053355566,1.0
In,-0.0872300569017006,0.009591326105087573,1.0
In,-0.0870240247340889,0.009599332220367279,1.0
In,-0.086710394555698,0.009631490787269681,1.0
In,-0.0866312644264809,0.009639564124056999,1.0
In,-0.0866276307021783,0.009643605870020965,1.0
In,-0.086582906912784,0.00964765100671141,1.0
In,-0.0865711334855661,0.009651699538396978,1.0
In,-0.086288196619061,0.00968421052631579,1.0
In,-0.0861839183943446,0.009688289806234204,1.0
In,-0.0861835897659091,0.00969237252423093,1.0
In,-0.0858471314346703,0.00985432733504713,1.0
In,-0.0857843432621143,0.009871244635193134,1.0
In,-0.0853137258059454,0.009879725085910653,1.0
In,-0.0852340860271929,0.009883970777825527,1.0
In,-0.0852211206635992,0.01001306051371354,1.0
In,-0.0852146189361681,0.010017421602787456,1.0
In,-0.0851241636061682,0.01002615518744551,1.0
In,-0.0849849490998826,0.01003052769297863,1.0
In,-0.0849550078675013,0.010034904013961605,1.0
In,-0.084886345991628,0.01010989010989011,1.0
In,-0.0846751885818857,0.010114335971855761,1.0
In,-0.0842225340151334,0.010123239436619719,1.0
In,-0.0841967730607546,0.010127697049757816,1.0
In,-0.0836545499063546,0.010136624063464082,1.0
In,-0.0835360026073808,0.010141093474426807,1.0
In,-0.0834733623681629,0.010145566828407587,1.0
In,-0.0834596229405819,0.010150044130626656,1.0
In,-0.0834465552602489,0.010304659498207885,1.0
In,-0.0833035743377008,0.01031390134529148,1.0
In,-0.0829112699235366,0.01031852848811126,1.0
In,-0.0828112960883349,0.010323159784560144,1.0
In,-0.0825966850037028,0.010327795240233499,1.0
In,-0.0824496013194907,0.010332434860736747,1.0
In,-0.0823807121476974,0.010341726618705036,1.0
In,-0.0823590365904272,0.01036036036036036,1.0
In,-0.082076971851104,0.010365029292474088,1.0
In,-0.0820337223066001,0.01038374717832957,1.0
In,-0.0819059292707499,0.010435571687840291,1.0
In,-0.0815751437787969,0.010464058234758872,1.0
In,-0.0815488676373339,0.010468821119708694,1.0
In,-0.0811579215145523,0.010478359908883827,1.0
In,-0.0811098791554339,0.010502283105022832,1.0
In,-0.0809007966949258,0.010507080858839652,1.0
In,-0.0807546017215916,0.010516689529035207,1.0
In,-0.0807070591973573,0.010526315789473684,1.0
In,-0.0806895205700969,0.010531135531135532,1.0
In,-0.0804764265724249,0.010535959688502062,1.0
In,-0.0798159659490121,0.01054562127464466,1.0
In,-0.0794274026015379,0.01055045871559633,1.0
In,-0.0793624415164045,0.010555300596603947,1.0
In,-0.0791704839455401,0.010569852941176471,1.0
In,-0.0790722444967295,0.01058444546709618,1.0
In,-0.0789927458168932,0.010589318600368325,1.0
In,-0.0789321474393571,0.010594196222938737,1.0
In,-0.0784183998367767,0.010603964960811434,1.0
In,-0.0781996948608296,0.01061865189289012,1.0
In,-0.0780416911851688,0.010623556581986143,1.0
In,-0.0780206298901373,0.010628465804066543,1.0
In,-0.0779943684695727,0.0106333795654184,1.0
In,-0.0777067722722436,0.010638297872340425,1.0
In,-0.0777022769683518,0.01064322073114299,1.0
In,-0.0775507621432496,0.010672853828306265,1.0
In,-0.0773338988227087,0.010677808727948004,1.0
In,-0.0772868928206406,0.010692701069270108,1.0
In,-0.0772218244547557,0.010727611940298507,1.0
In,-0.0770641879355746,0.010737628384687208,1.0
In,-0.0769664708659365,0.010793054903801032,1.0
In,-0.0768095455915836,0.010833725859632595,1.0
In,-0.0767904757098743,0.010843941537010843,1.0
In,-0.0767627995690775,0.01086443079829948,1.0
In,-0.0765146267559843,0.010879848628192999,1.0
In,-0.0765003943935077,0.010890151515151516,1.0
In,-0.0764531404125116,0.010895310279488394,1.0
In,-0.0761928614818561,0.010900473933649289,1.0
In,-0.0761713889299338,0.010905642484589853,1.0
In,-0.0760500140571867,0.010936757013789824,1.0
In,-0.075995457888189,0.010947168015230843,1.0
In,-0.0757645970681455,0.010952380952380953,1.0
In,-0.0755875323674409,0.01095759885659838,1.0
In,-0.0755631767640336,0.010978520286396181,1.0
In,-0.0751289792125511,0.011041766682669226,1.0
In,-0.0748067712860121,0.011078998073217727,1.0
In,-0.074654570981095,0.01108433734939759,1.0
In,-0.0745650569443028,0.011089681774349084,1.0
In,-0.0744337541101865,0.011095031355523395,1.0
In,-0.0744070827349464,0.0111003861003861,1.0
In,-0.0743800177083986,0.011111111111111112,1.0
In,-0.0741461960711942,0.011127237542331882,1.0
In,-0.0741454553399124,0.011132623426911906,1.0
In,-0.0739639383694487,0.011138014527845037,1.0
In,-0.073720794820093,0.011143410852713179,1.0
In,-0.0736923128274344,0.011159631246967491,1.0
In,-0.0735812477374229,0.01116504854368932,1.0
In,-0.0735015579039243,0.011186770428015564,1.0
In,-0.073418232652099,0.01119221411192214,1.0
In,-0.0733553544231685,0.011203117389186557,1.0
In,-0.0732670118256599,0.011208576998050682,1.0
In,-0.0725520060413102,0.01121404193076548,1.0
In,-0.0722472418050971,0.011224987798926306,1.0
In,-0.0721479299919736,0.01123046875,1.0
In,-0.0720607469830052,0.011235955056179775,1.0
In,-0.072001768597304,0.01150575287643822,1.0
In,-0.071918047402597,0.011511511511511512,1.0
In,-0.0715947663246618,0.011517275913870806,1.0
In,-0.0715224302389637,0.011546184738955823,1.0
In,-0.0715041151585855,0.011551983927674536,1.0
In,-0.0714878938058932,0.011557788944723618,1.0
In,-0.0714230727773774,0.011563599798893917,1.0
In,-0.0714156871006655,0.011569416498993963,1.0
In,-0.0713567964374689,0.011598587997982855,1.0
In,-0.0712090989212137,0.01160443995963673,1.0
In,-0.0710149318279721,0.011752682677567705,1.0
In,-0.0707203621011533,0.011758691206543968,1.0
In,-0.0706376846205164,0.0117827868852459,1.0
In,-0.0706353409217739,0.011794871794871795,1.0
In,-0.0705854697325526,0.011800923550538737,1.0
In,-0.0702905759751658,0.011813045711350795,1.0
In,-0.0702364153259265,0.011819116135662899,1.0
In,-0.0702312240037244,0.011825192802056555,1.0
In,-0.0701966660875763,0.01184346035015448,1.0
In,-0.070136746025907,0.01184956208140134,1.0
In,-0.0697915536875594,0.011855670103092783,1.0
In,-0.0695940215538793,0.011874032008260196,1.0
In,-0.0695599196284015,0.011886304909560724,1.0
In,-0.0692693552509102,0.011452368558042686,0.9565217391304348
In,-0.0692024253213211,0.011458333333333333,0.9565217391304348
In,-0.0691086639973432,0.011464304325169358,0.9565217391304348
In,-0.0690850911798237,0.011488250652741514,0.9565217391304348
In,-0.0685749348913996,0.011494252873563218,0.9565217391304348
In,-0.0681497615783799,0.01150026136957658,0.9565217391304348
In,-0.0678441199916205,0.011506276150627616,0.9565217391304348
In,-0.0677311213310291,0.011542497376705142,0.9565217391304348
In,-0.0675542362334709,0.011548556430446194,0.9565217391304348
In,-0.0675079765877464,0.011615628299894404,0.9565217391304348
In,-0.0674349297039975,0.01162176439513999,0.9565217391304348
In,-0.0673542890015048,0.011627906976744186,0.9565217391304348
In,-0.067329788531567,0.011634056054997356,0.9565217391304348
In,-0.067274448935109,0.013189448441247002,0.9565217391304348
In,-0.0671747940054745,0.013197360527894421,0.9565217391304348
In,-0.0670845114142757,0.013205282112845138,0.9565217391304348
In,-0.0669819982016438,0.0132291040288635,0.9565217391304348
In,-0.0668661928168062,0.013237063778580024,0.9565217391304348
In,-0.0667305544798403,0.013285024154589372,0.9565217391304348
In,-0.0665406721966562,0.013325257419745608,0.9565217391304348
In,-0.0664731964138667,0.013333333333333334,0.9565217391304348
In,-0.0662731197872014,0.013341419041843541,0.9565217391304348
In,-0.0659463058883207,0.013349514563106795,0.9565217391304348
In,-0.0657298546404528,0.013357619914996965,0.9565217391304348
In,-0.0653729207170706,0.013365735115431349,0.9565217391304348
In,-0.0652476572811074,0.013373860182370821,0.9565217391304348
In,-0.0648987129455862,0.01338199513381995,0.9565217391304348
In,-0.0641548732551798,0.013390139987827145,0.9565217391304348
In,-0.064060965784838,0.013513513513513514,0.9565217391304348
In,-0.0639509621214127,0.013530135301353014,0.9565217391304348
In,-0.0636971771379919,0.01353846153846154,0.9565217391304348
In,-0.0633323291147457,0.013588634959851761,0.9565217391304348
In,-0.0629199566817143,0.013597033374536464,0.9565217391304348
In,-0.0629140082511375,0.013613861386138614,0.9565217391304348
In,-0.0626678345229103,0.013656114214773432,0.9565217391304348
In,-0.0625911055704381,0.013664596273291925,0.9565217391304348
In,-0.0621956269098021,0.013673088875077687,0.9565217391304348
In,-0.0620109259141586,0.013707165109034268,0.9565217391304348
In,-0.0619711257708623,0.01371571072319202,0.9565217391304348
In,-0.0619698165539814,0.01372426699937617,0.9565217391304348
In,-0.0618836430553089,0.01373283395755306,0.9565217391304348
In,-0.0617148397650991,0.013741411617738912,0.9565217391304348
In,-0.0616046941007732,0.013758599124452783,0.9565217391304348
In,-0.0615095493269817,0.01376720901126408,0.9565217391304348
In,-0.0612379335498368,0.013775829680651221,0.9565217391304348
In,-0.0610963484511177,0.013793103448275862,0.9565217391304348
In,-0.0605933502865919,0.013801756587202008,0.9565217391304348
In,-0.0602939096311181,0.013810420590081607,0.9565217391304348
In,-0.0598829319755305,0.013827781269641735,0.9565217391304348
In,-0.0593202731351348,0.013836477987421384,0.9565217391304348
In,-0.0593168176840731,0.013845185651353053,0.9565217391304348
In,-0.0587645944512405,0.013853904282115869,0.9565217391304348
In,-0.0584504431004619,0.013968253968253968,0.9565217391304348
In,-0.0582458047552487,0.013994910941475827,0.9565217391304348
In,-0.0582287277779139,0.014003819223424571,0.9565217391304348
In,-0.0579566948258528,0.014012738853503185,0.9565217391304348
In,-0.0578581906931323,0.014021669853409816,0.9565217391304348
In,-0.0578138542429582,0.01403061224489796,0.9565217391304348
In,-0.057493347345419,0.014039566049776643,0.9565217391304348
In,-0.0574818400270051,0.014075495841330775,0.9565217391304348
In,-0.0572709805244766,0.014084507042253521,0.9565217391304348
In,-0.0572153323951377,0.014093529788597053,0.9565217391304348
In,-0.0571136927483619,0.014157014157014158,0.9565217391304348
In,-0.0571085725888484,0.014166130070830651,0.9565217391304348
In,-0.0569389043763509,0.014184397163120567,0.9565217391304348
In,-0.0565260159631511,0.014193548387096775,0.9565217391304348
In,-0.0563869811509607,0.014202711426726921,0.9565217391304348
In,-0.0563658966907765,0.014211886304909561,0.9565217391304348
In,-0.0562834842537822,0.014221073044602456,0.9565217391304348
In,-0.0559234152224685,0.014230271668822769,0.9565217391304348
In,-0.0554375477364222,0.014464168310322156,0.9565217391304348
In,-0.0553812645394358,0.014473684210526316,0.9565217391304348
In,-0.0550455974487594,0.014483212639894667,0.9565217391304348
In,-0.0548684316884516,0.014492753623188406,0.9565217391304348
In,-0.0547628375599478,0.014502307185234015,0.9565217391304348
In,-0.0543281250423557,0.014511873350923483,0.9565217391304348
In,-0.0543187389013359,0.014521452145214522,0.9565217391304348
In,-0.0542973342263036,0.01453104359313078,0.9565217391304348
In,-0.054287769493479,0.014540647719762063,0.9565217391304348
In,-0.0542695168316145,0.01455989410986102,0.9565217391304348
In,-0.054087333359914,0.01456953642384106,0.9565217391304348
In,-0.0535147487229048,0.014617940199335547,0.9565217391304348
In,-0.0530983694846533,0.014637391882900865,0.9565217391304348
In,-0.0525896310579807,0.014647137150466045,0.9565217391304348
In,-0.052456847843007,0.014656895403064623,0.9565217391304348
In,-0.0523430951344672,0.014666666666666666,0.9565217391304348
In,-0.0522131590469439,0.014705882352941176,0.9565217391304348
In,-0.0521914674684805,0.01471571906354515,0.9565217391304348
In,-0.0511966295735368,0.014725568942436412,0.9565217391304348
In,-0.0508962981866091,0.014735432016075016,0.9565217391304348
In,-0.0507455090288727,0.014745308310991957,0.9565217391304348
In,-0.050460755001341,0.014755197853789403,0.9565217391304348
In,-0.0499405015182074,0.01476510067114094,0.9565217391304348
In,-0.0495514576828382,0.014775016789791807,0.9565217391304348
In,-0.0494359040378191,0.01478494623655914,0.9565217391304348
In,-0.0487913991954247,0.014794889038332213,0.9565217391304348
In,-0.0487223965002515,0.014804845222072678,0.9565217391304348
In,-0.0475808531671962,0.014834794335805798,0.9565217391304348
In,-0.0474886932884689,0.014854827819041188,0.9565217391304348
In,-0.0471832522625181,0.014864864864864866,0.9565217391304348
In,-0.0471766465017527,0.014874915483434753,0.9565217391304348
In,-0.0471293176247324,0.014884979702300407,0.9565217391304348
In,-0.0469884621988492,0.014895057549085985,0.9565217391304348
In,-0.0469629722108559,0.01493550577053632,0.9565217391304348
In,-0.0467973187138008,0.014945652173913044,0.9565217391304348
In,-0.0466351049528736,0.01495581237253569,0.9565217391304348
In,-0.0463542482487662,0.015536723163841809,0.9565217391304348
In,-0.0462585027975634,0.015547703180212015,0.9565217391304348
In,-0.0461013664251213,0.01559177888022679,0.9565217391304348
In,-0.0460746583285033,0.015602836879432624,0.9565217391304348
In,-0.0460039804863726,0.015647226173541962,0.9565217391304348
In,-0.0458144775656659,0.015691868758915834,0.9565217391304348
In,-0.0458024000018791,0.015703069236259814,0.9565217391304348
In,-0.0452375649661561,0.015714285714285715,0.9565217391304348
In,-0.0447915682227866,0.015725518227305217,0.9565217391304348
In,-0.0446835818062255,0.015736766809728183,0.9565217391304348
In,-0.0444425483988292,0.015748031496062992,0.9565217391304348
In,-0.0442371325736678,0.015759312320916905,0.9565217391304348
In,-0.0433863434743456,0.015770609318996417,0.9565217391304348
In,-0.0433398624137167,0.015781922525107604,0.9565217391304348
In,-0.0431089597725369,0.015804597701149427,0.9565217391304348
In,-0.0430669773956405,0.015815959741193385,0.9565217391304348
In,-0.0429446951550402,0.015827338129496403,0.9565217391304348
In,-0.0425742047229008,0.01585014409221902,0.9565217391304348
In,-0.042567354235626,0.015861571737563085,0.9565217391304348
In,-0.0422559591637988,0.015873015873015872,0.9565217391304348
In,-0.0419764093299353,0.01588447653429603,0.9565217391304348
In,-0.04177833965004,0.015895953757225433,0.9565217391304348
In,-0.0417654621559475,0.015907447577729574,0.9565217391304348
In,-0.0415121054385548,0.015918958031837915,0.9565217391304348
In,-0.0411906033137535,0.015942028985507246,0.9565217391304348
In,-0.0408599189483515,0.01595358955765047,0.9565217391304348
In,-0.0407536198545776,0.016070124178232285,0.9565217391304348
In,-0.040643588025572,0.01608187134502924,0.9565217391304348
In,-0.0406376364635031,0.016105417276720352,0.9565217391304348
In,-0.0404217836484023,0.016129032258064516,0.9565217391304348
In,-0.0401484791971024,0.016152716593245228,0.9565217391304348
In,-0.0400000255819539,0.016176470588235296,0.9565217391304348
In,-0.0391967914657322,0.016188373804267846,0.9565217391304348
In,-0.0391655153822031,0.016200294550810016,0.9565217391304348
In,-0.0391524919893958,0.016212232866617538,0.9565217391304348
In,-0.0390590517627323,0.016224188790560472,0.9565217391304348
In,-0.0385594473541921,0.016236162361623615,0.9565217391304348
In,-0.0385246489982038,0.01628423390081421,0.9565217391304348
In,-0.038154001908213,0.016296296296296295,0.9565217391304348
In,-0.0381032301671921,0.01630837657524092,0.9565217391304348
In,-0.0379205848512696,0.016332590942835932,0.9565217391304348
In,-0.037648737203334,0.01634472511144131,0.9565217391304348
In,-0.0375216314600107,0.01636904761904762,0.9565217391304348
In,-0.0375001690214391,0.016381236038719285,0.9565217391304348
In,-0.0373738988382077,0.01639344262295082,0.9565217391304348
In,-0.0372222701346439,0.01640566741237882,0.9565217391304348
In,-0.0370929154096237,0.016417910447761194,0.9565217391304348
In,-0.0369143131147968,0.016430171769977596,0.9565217391304348
In,-0.0365227781177442,0.016442451420029897,0.9565217391304348
In,-0.0362850814096058,0.016454749439042633,0.9565217391304348
In,-0.0362774728935652,0.01647940074906367,0.9565217391304348
In,-0.0358140634285826,0.016541353383458645,0.9565217391304348
In,-0.0357028945424813,0.016566265060240965,0.9565217391304348
In,-0.0355674668817497,0.016578749058025623,0.9565217391304348
In,-0.0355306624774282,0.01660377358490566,0.9565217391304348
In,-0.0354696278921414,0.016628873771730914,0.9565217391304348
In,-0.0354309198091339,0.016654049962149888,0.9565217391304348
In,-0.0350067316045876,0.016666666666666666,0.9565217391304348
In,-0.0344172304170383,0.016679302501895376,0.9565217391304348
In,-0.0339164154659206,0.01669195751138088,0.9565217391304348
In,-0.0338076218181945,0.016704631738800303,0.9565217391304348
In,-0.033643073874566,0.016717325227963525,0.9565217391304348
In,-0.0329764875573528,0.01685823754789272,0.9565217391304348
In,-0.0326836456036637,0.016897081413210446,0.9565217391304348
In,-0.0325961951110209,0.016923076923076923,0.9565217391304348
In,-0.0322122313371901,0.016936104695919937,0.9565217391304348
In,-0.0320181107219167,0.01694915254237288,0.9565217391304348
In,-0.03186664299896,0.016975308641975308,0.9565217391304348
In,-0.0311580667227049,0.017001545595054096,0.9565217391304348
In,-0.031000472621209,0.017027863777089782,0.9565217391304348
In,-0.0305350226747983,0.017041053446940357,0.9565217391304348
In,-0.0293847156794729,0.017054263565891473,0.9565217391304348
In,-0.0290941032793676,0.017067494181536073,0.9565217391304348
In,-0.0284641953439732,0.017107309486780714,0.9565217391304348
In,-0.0284559962998195,0.017133956386292833,0.9565217391304348
In,-0.0284248432708733,0.0171473109898675,0.9565217391304348
In,-0.0280798028453884,0.017391304347826087,0.9565217391304348
In,-0.0280689334637024,0.01740506329113924,0.9565217391304348
In,-0.0279183059977235,0.01741884402216944,0.9565217391304348
In,-0.027788583558498,0.017432646592709985,0.9565217391304348
In,-0.0272342945260362,0.017446471054718478,0.9565217391304348
In,-0.0269185410215462,0.01746031746031746,0.9565217391304348
In,-0.0268773584600576,0.017474185861795076,0.9565217391304348
In,-0.0268221230575959,0.017488076311605722,0.9565217391304348
In,-0.0263019186273695,0.017501988862370723,0.9565217391304348
In,-0.025662597929878,0.01751592356687898,0.9565217391304348
In,-0.0255437411856732,0.01757188498402556,0.9565217391304348
In,-0.0254680342311217,0.017614091273018415,0.9565217391304348
In,-0.0251991128530801,0.017628205128205128,0.9565217391304348
In,-0.0251098841612719,0.01765650080256822,0.9565217391304348
In,-0.0244183418983005,0.017670682730923693,0.9565217391304348
In,-0.0243865362104204,0.017684887459807074,0.9565217391304348
In,-0.023979177589286,0.017713365539452495,0.9565217391304348
In,-0.0239736170168574,0.017727639000805803,0.9565217391304348
In,-0.0239395723194949,0.017741935483870968,0.9565217391304348
In,-0.0228930211280398,0.01775625504439064,0.9565217391304348
In,-0.0228541652654527,0.017842660178426603,0.9565217391304348
In,-0.0228116270884313,0.017857142857142856,0.9565217391304348
In,-0.0227533327354213,0.017871649065800164,0.9565217391304348
In,-0.0227309131370125,0.01788617886178862,0.9565217391304348
In,-0.0226477120119887,0.017915309446254073,0.9565217391304348
In,-0.0225586974024337,0.017959183673469388,0.9565217391304348
In,-0.0224226113759443,0.017988552739165987,0.9565217391304348
In,-0.0216574823989406,0.01800327332242226,0.9565217391304348
In,-0.0215832594268648,0.018018018018018018,0.9565217391304348
In,-0.0215757976686242,0.018032786885245903,0.9565217391304348
In,-0.0214464576472865,0.0180623973727422,0.9565217391304348
In,-0.0212511496564422,0.018077239112571898,0.9565217391304348
In,-0.0210995661638733,0.018136850783182192,0.9565217391304348
In,-0.0207408674205051,0.018151815181518153,0.9565217391304348
In,-0.0207372678618434,0.018166804293971925,0.9565217391304348
In,-0.0205548767653882,0.018196856906534328,0.9565217391304348
In,-0.0205500516738793,0.018211920529801324,0.9565217391304348
In,-0.0199238108860766,0.018272425249169437,0.9565217391304348
In,-0.0198739743571652,0.01828761429758936,0.9565217391304348
In,-0.0190759124772726,0.018302828618968387,0.9565217391304348
In,-0.0189919112237315,0.018333333333333333,0.9565217391304348
In,-0.0189237400633969,0.01834862385321101,0.9565217391304348
In,-0.0187192113257516,0.018363939899833055,0.9565217391304348
In,-0.0186524082168754,0.018440905280804692,0.9565217391304348
In,-0.0183531886989282,0.018456375838926176,0.9565217391304348
In,-0.0180781315123872,0.018471872376154493,0.9565217391304348
In,-0.0175931211073592,0.018835616438356163,0.9565217391304348
In,-0.017519150591505,0.018851756640959727,0.9565217391304348
In,-0.0172328897377929,0.018867924528301886,0.9565217391304348
In,-0.0172215035677016,0.01888412017167382,0.9565217391304348
In,-0.0171176310876235,0.018900343642611683,0.9565217391304348
In,-0.0170113067071987,0.019130434782608695,0.9565217391304348
In,-0.0169301752544032,0.019147084421235857,0.9565217391304348
In,-0.0169173753837972,0.01916376306620209,0.9565217391304348
In,-0.0167898737825696,0.01918047079337402,0.9565217391304348
In,-0.0167067900182201,0.019197207678883072,0.9565217391304348
In,-0.0165751150960465,0.01921397379912664,0.9565217391304348
In,-0.0164499460126104,0.019230769230769232,0.9565217391304348
In,-0.0163551400426901,0.019247594050743656,0.9565217391304348
In,-0.0157323884071464,0.019281332164767746,0.9565217391304348
In,-0.0157196734238913,0.01929824561403509,0.9565217391304348
In,-0.0155372947474645,0.019332161687170474,0.9565217391304348
In,-0.0153463067100028,0.019349164467897976,0.9565217391304348
In,-0.0152031589129495,0.01936619718309859,0.9565217391304348
In,-0.0151385153829395,0.019383259911894272,0.9565217391304348
In,-0.0149131827641093,0.019400352733686066,0.9565217391304348
In,-0.0146040587610301,0.0196078431372549,0.9565217391304348
In,-0.0143430318195052,0.019625334522747548,0.9565217391304348
In,-0.0143070995849046,0.019642857142857142,0.9565217391304348
In,-0.0140041527458633,0.01966041108132261,0.9565217391304348
In,-0.0138160870490341,0.01967799642218247,0.9565217391304348
In,-0.0135883254291497,0.019766397124887692,0.9565217391304348
In,-0.0132698135310725,0.019784172661870502,0.9565217391304348
In,-0.0125768451284318,0.020054694621695533,0.9565217391304348
In,-0.0125102769119424,0.020072992700729927,0.9565217391304348
In,-0.0124725829527823,0.02009132420091324,0.9565217391304348
In,-0.0119633995356612,0.02010968921389397,0.9565217391304348
In,-0.0118852694572416,0.020128087831655993,0.9565217391304348
In,-0.0117432604967161,0.020146520146520148,0.9565217391304348
In,-0.011394594382214,0.02018348623853211,0.9565217391304348
In,-0.0105721439907895,0.020202020202020204,0.9565217391304348
In,-0.0103834000367896,0.020257826887661142,0.9565217391304348
In,-0.0102941662289953,0.020276497695852536,0.9565217391304348
In,-0.010188974325022,0.02029520295202952,0.9565217391304348
In,-0.0101224388391104,0.020313942751615882,0.9565217391304348
In,-0.0097066658577158,0.02033271719038817,0.9565217391304348
In,-0.0095257268081473,0.020351526364477335,0.9565217391304348
In,-0.0095101797073915,0.020370370370370372,0.9565217391304348
In,-0.009112467650969,0.020389249304911955,0.9565217391304348
In,-0.0088629036124827,0.020446096654275093,0.9565217391304348
In,-0.0088407406511655,0.020484171322160148,0.9565217391304348
In,-0.008608946748132,0.020522388059701493,0.9565217391304348
In,-0.0084663519435477,0.02054154995331466,0.9565217391304348
In,-0.0073216741036099,0.020560747663551402,0.9565217391304348
In,-0.0070399823664962,0.0205799812909261,0.9565217391304348
In,-0.0069184634338074,0.020599250936329586,0.9565217391304348
In,-0.0068404951231813,0.020618556701030927,0.9565217391304348
In,-0.0066943609934027,0.020637898686679174,0.9565217391304348
In,-0.0066419586315747,0.020696142991533398,0.9565217391304348
In,-0.0066402065218672,0.02071563088512241,0.9565217391304348
In,-0.0064501137982611,0.020735155513666354,0.9565217391304348
In,-0.0062324303820128,0.02077431539187913,0.9565217391304348
In,-0.0061627897703416,0.020793950850661626,0.9565217391304348
In,-0.0056053820642752,0.020813623462630087,0.9565217391304348
In,-0.0054678703827836,0.02085308056872038,0.9565217391304348
In,-0.0050099150033965,0.020872865275142316,0.9565217391304348
In,-0.0049284435546199,0.020892687559354226,0.9565217391304348
In,-0.0048768548526174,0.02091254752851711,0.9565217391304348
In,-0.004451845094132,0.02093244529019981,0.9565217391304348
In,-0.0042942828973802,0.02095238095238095,0.9565217391304348
In,-0.004091561472803,0.02001906577693041,0.9130434782608695
In,-0.0037562452365448,0.020038167938931296,0.9130434782608695
In,-0.0036458231387163,0.02005730659025788,0.9130434782608695
In,-0.003400987193092,0.020114942528735632,0.9130434782608695
In,-0.0032933967977173,0.020134228187919462,0.9130434782608695
In,-0.0020853231848486,0.02015355086372361,0.9130434782608695
In,-0.0015972262693552,0.020172910662824207,0.9130434782608695
In,-0.0013907597557777,0.02021174205967276,0.9130434782608695
In,-0.0009095520393492,0.02023121387283237,0.9130434782608695
In,-0.0007138774644602,0.020250723240115717,0.9130434782608695
In,-0.0005222340578177,0.02027027027027027,0.9130434782608695
In,-0.0004447301422503,0.020289855072463767,0.9130434782608695
In,-0.0002593189433404,0.020309477756286266,0.9130434782608695
In,-0.0001669853683206,0.02032913843175218,0.9130434782608695
In,-3.0103756221477876e-05,0.020348837209302327,0.9130434782608695
In,0.0005095457353438,0.020368574199806012,0.9130434782608695
In,0.0005278114345609,0.020388349514563107,0.9130434782608695
In,0.0005395634514397,0.02046783625730994,0.9130434782608695
In,0.0009486238556599,0.02048780487804878,0.9130434782608695
In,0.0009511291613107,0.02054794520547945,0.9130434782608695
In,0.0009677007284971,0.02073050345508391,0.9130434782608695
In,0.0014534514708252,0.020750988142292492,0.9130434782608695
In,0.0014603898879661,0.020771513353115726,0.9130434782608695
In,0.0017619574264697,0.020792079207920793,0.9130434782608695
In,0.0018014485011935,0.020854021847070508,0.9130434782608695
In,0.0020724525594539,0.020874751491053677,0.9130434782608695
In,0.0023591396684241,0.020895522388059702,0.9130434782608695
In,0.0031290318934524,0.02091633466135458,0.9130434782608695
In,0.003190240487033,0.020937188434695914,0.9130434782608695
In,0.0037560626605952,0.020958083832335328,0.9130434782608695
In,0.0040471203155878,0.02097902097902098,0.9130434782608695
In,0.004165459206834,0.021021021021021023,0.9130434782608695
In,0.0043718852045843,0.021042084168336674,0.9130434782608695
In,0.0047977906519249,0.02108433734939759,0.9130434782608695
In,0.0049751639521833,0.022340425531914895,0.9130434782608695
In,0.0053920818841178,0.022364217252396165,0.9130434782608695
In,0.0055148044077458,0.022435897435897436,0.9130434782608695
In,0.005525502689289,0.022459893048128343,0.9130434782608695
In,0.0058555467388722,0.022604951560818085,0.9130434782608695
In,0.0060939296808025,0.022653721682847898,0.9130434782608695
In,0.0061195313042348,0.022702702702702703,0.9130434782608695
In,0.0063797078899345,0.02275189599133261,0.9130434782608695
In,0.0064501256684262,0.0227765726681128,0.9130434782608695
In,0.0065090022640152,0.02280130293159609,0.9130434782608695
In,0.0065182033751846,0.02282608695652174,0.9130434782608695
In,0.0066352192540851,0.022950819672131147,0.9130434782608695
In,0.006885915793145,0.022975929978118162,0.9130434782608695
In,0.0069370662971408,0.023001095290251915,0.9130434782608695
In,0.0071051013880126,0.023026315789473683,0.9130434782608695
In,0.0072754756737616,0.02305159165751921,0.9130434782608695
In,0.007696092131793,0.02328159645232816,0.9130434782608695
In,0.0079896012476815,0.023307436182019976,0.9130434782608695
In,0.0081484659432816,0.023333333333333334,0.9130434782608695
In,0.0082204046851975,0.02338530066815145,0.9130434782608695
In,0.0084814657882386,0.023411371237458192,0.9130434782608695
In,0.0086285358333022,0.02348993288590604,0.9130434782608695
In,0.0092391798419068,0.023516237402015677,0.9130434782608695
In,0.009447923055338,0.023542600896860985,0.9130434782608695
In,0.0094856754284319,0.02356902356902357,0.9130434782608695
In,0.0098252702582257,0.02359550561797753,0.9130434782608695
In,0.0098606066238726,0.023622047244094488,0.9130434782608695
In,0.0098679920184775,0.02364864864864865,0.9130434782608695
In,0.0098941906845775,0.023702031602708805,0.9130434782608695
In,0.0100957520291474,0.023728813559322035,0.9130434782608695
In,0.0109063734445837,0.023755656108597284,0.9130434782608695
In,0.0113370864089192,0.02378255945639864,0.9130434782608695
In,0.0119557331708364,0.023809523809523808,0.9130434782608695
In,0.0120218341699186,0.02383654937570942,0.9130434782608695
In,0.0122840377028821,0.024110218140068886,0.9130434782608695
In,0.0128357323743627,0.02413793103448276,0.9130434782608695
In,0.0132885049628074,0.02422145328719723,0.9130434782608695
In,0.0133022945480119,0.02424942263279446,0.9130434782608695
In,0.0134230194258615,0.024390243902439025,0.9130434782608695
In,0.013460896412435,0.02441860465116279,0.9130434782608695
In,0.0135550396230572,0.024447031431897557,0.9130434782608695
In,0.0136687593366739,0.024475524475524476,0.9130434782608695
In,0.0137621358112878,0.024504084014002333,0.9130434782608695
In,0.0138229266718712,0.02453271028037383,0.9130434782608695
In,0.0139561312901521,0.02456140350877193,0.9130434782608695
In,0.0139762382355046,0.02459016393442623,0.9130434782608695
In,0.0140513316510535,0.02464788732394366,0.9130434782608695
In,0.0141481053120554,0.024764150943396228,0.9130434782608695
In,0.0143786141643581,0.024793388429752067,0.9130434782608695
In,0.0145178099117666,0.024822695035460994,0.9130434782608695
In,0.0147103914711881,0.024881516587677725,0.9130434782608695
In,0.0148636303042805,0.02494061757719715,0.9130434782608695
In,0.0153586480511374,0.02497027348394768,0.9130434782608695
In,0.0154592928359077,0.025029797377830752,0.9130434782608695
In,0.0160752376628678,0.025331724969843185,0.9130434782608695
In,0.0160853840996026,0.025362318840579712,0.9130434782608695
In,0.016163398636896,0.025423728813559324,0.9130434782608695
In,0.0165035209444119,0.025454545454545455,0.9130434782608695
In,0.0165596267118535,0.025485436893203883,0.9130434782608695
In,0.0167965101693929,0.025547445255474453,0.9130434782608695
In,0.0168222084105144,0.025578562728380026,0.9130434782608695
In,0.0174622345774279,0.025609756097560974,0.9130434782608695
In,0.0176265025587145,0.02608695652173913,0.9130434782608695
In,0.0176720143456472,0.026151930261519303,0.9130434782608695
In,0.0177592892952658,0.02625,0.9130434782608695
In,0.0179357476633859,0.026282853566958697,0.9130434782608695
In,0.0180555051717543,0.02631578947368421,0.9130434782608695
In,0.0186212873100601,0.026348808030112924,0.9130434782608695
In,0.0186640289177612,0.026381909547738693,0.9130434782608695
In,0.0187117943041659,0.026415094339622643,0.9130434782608695
In,0.0187450861755569,0.02644836272040302,0.9130434782608695
In,0.0193445292309587,0.02648171500630517,0.9130434782608695
In,0.019414176021833,0.026515151515151516,0.9130434782608695
In,0.0195137995643019,0.02654867256637168,0.9130434782608695
In,0.019765556022503,0.026582278481012658,0.9130434782608695
In,0.0199066676807498,0.0266497461928934,0.9130434782608695
In,0.019996835785961,0.026683608640406607,0.9130434782608695
In,0.0201953698063476,0.026717557251908396,0.9130434782608695
In,0.0205115952222479,0.0267515923566879,0.9130434782608695
In,0.0209630371047701,0.026785714285714284,0.9130434782608695
In,0.0209817545158702,0.02681992337164751,0.9130434782608695
In,0.021037735832773,0.026888604353393086,0.9130434782608695
In,0.0213672301519364,0.026923076923076925,0.9130434782608695
In,0.0214074363840087,0.026957637997432605,0.9130434782608695
In,0.0217467342428452,0.02699228791773779,0.9130434782608695
In,0.0220064307526193,0.02702702702702703,0.9130434782608695
In,0.0221152188343214,0.027061855670103094,0.9130434782608695
In,0.0224223798170323,0.027096774193548386,0.9130434782608695
In,0.0231492037266755,0.027131782945736434,0.9130434782608695
In,0.0234400939434852,0.027202072538860103,0.9130434782608695
In,0.0236297051902106,0.027237354085603113,0.9130434782608695
In,0.023838150065942,0.02727272727272727,0.9130434782608695
In,0.0240111187066227,0.027308192457737322,0.9130434782608695
In,0.0241763593160105,0.027379400260756193,0.9130434782608695
In,0.0243611866278788,0.02741514360313316,0.9130434782608695
In,0.0246591896405572,0.027450980392156862,0.9130434782608695
In,0.0247846385670041,0.0274869109947644,0.9130434782608695
In,0.0248651136432511,0.027522935779816515,0.9130434782608695
In,0.0249123652847838,0.027559055118110236,0.9130434782608695
In,0.0249672979701554,0.02763157894736842,0.9130434782608695
In,0.0252102683510577,0.02766798418972332,0.9130434782608695
In,0.0262017488937403,0.027704485488126648,0.9130434782608695
In,0.0264079498933235,0.02774108322324967,0.9130434782608695
In,0.0264101204506049,0.027777777777777776,0.9130434782608695
In,0.0269703701933896,0.02781456953642384,0.9130434782608695
In,0.0270077591371066,0.027888446215139442,0.9130434782608695
In,0.0270976740997546,0.027925531914893616,0.9130434782608695
In,0.0273818619953335,0.028037383177570093,0.9130434782608695
In,0.0276695604368565,0.02807486631016043,0.9130434782608695
In,0.0278003279947801,0.028112449799196786,0.9130434782608695
In,0.0278424511919671,0.028150134048257374,0.9130434782608695
In,0.028252378843191,0.028187919463087248,0.9130434782608695
In,0.0283265078001836,0.028225806451612902,0.9130434782608695
In,0.0284487193122343,0.02826379542395693,0.9130434782608695
In,0.0286514375357593,0.02830188679245283,0.9130434782608695
In,0.0290107796689901,0.02834008097165992,0.9130434782608695
In,0.0291611511826195,0.028416779431664412,0.9130434782608695
In,0.0293230976979277,0.028455284552845527,0.9130434782608695
In,0.0295999845348811,0.028493894165535955,0.9130434782608695
In,0.0303597680947524,0.02857142857142857,0.9130434782608695
In,0.0303846196239501,0.02861035422343324,0.9130434782608695
In,0.0304190021441081,0.0286493860845839,0.9130434782608695
In,0.031206732886564,0.028688524590163935,0.9130434782608695
In,0.0314391600792058,0.028727770177838577,0.9130434782608695
In,0.0315765719339911,0.028767123287671233,0.9130434782608695
In,0.0319213411440808,0.02880658436213992,0.9130434782608695
In,0.0319253028534862,0.028846153846153848,0.9130434782608695
In,0.031936092300333,0.02888583218707015,0.9130434782608695
In,0.0319407842576124,0.028925619834710745,0.9130434782608695
In,0.0320072852628907,0.028965517241379312,0.9130434782608695
In,0.0320784875444513,0.029005524861878452,0.9130434782608695
In,0.0321713161561068,0.029045643153526972,0.9130434782608695
In,0.0323438272136981,0.029085872576177285,0.9130434782608695
In,0.0325675738898898,0.02920723226703755,0.9130434782608695
In,0.0327901450597989,0.02924791086350975,0.9130434782608695
In,0.0334326813381977,0.029288702928870293,0.9130434782608695
In,0.0335561448429767,0.029329608938547486,0.9130434782608695
In,0.0336149065462524,0.02937062937062937,0.9130434782608695
In,0.0337690834345888,0.029411764705882353,0.9130434782608695
In,0.0339006320379863,0.029453015427769985,0.9130434782608695
In,0.0341470004295472,0.02949438202247191,0.9130434782608695
In,0.034341574631049,0.029535864978902954,0.9130434782608695
In,0.0346607571496607,0.029577464788732393,0.9130434782608695
In,0.0349427000217337,0.030656934306569343,0.9130434782608695
In,0.0352098140709882,0.03070175438596491,0.9130434782608695
In,0.0352642896260947,0.03074670571010249,0.9130434782608695
In,0.0353294620490567,0.030882352941176472,0.9130434782608695
In,0.0353994403351413,0.030927835051546393,0.9130434782608695
In,0.0360873733160753,0.031484257871064465,0.9130434782608695
In,0.0360943472876108,0.03153153153153153,0.9130434782608695
In,0.0361093952326966,0.031578947368421054,0.9130434782608695
In,0.0361566179373455,0.03162650602409638,0.9130434782608695
In,0.0361750310341357,0.03167420814479638,0.9130434782608695
In,0.0364826501203781,0.03177004538577912,0.9130434782608695
In,0.0364930885016517,0.031818181818181815,0.9130434782608695
In,0.0365872672186494,0.03186646433990895,0.9130434782608695
In,0.036718589628335,0.03206106870229008,0.9130434782608695
In,0.0367929751713184,0.03215926493108729,0.9130434782608695
In,0.0368680943472501,0.032208588957055216,0.9130434782608695
In,0.0372822803894704,0.03225806451612903,0.9130434782608695
In,0.037297731256049,0.03230769230769231,0.9130434782608695
In,0.0375984090511476,0.030816640986132512,0.8695652173913043
In,0.0376175333394963,0.030911901081916538,0.8695652173913043
In,0.0380465741133825,0.031055900621118012,0.8695652173913043
In,0.0380890668940236,0.03110419906687403,0.8695652173913043
In,0.0383633785985123,0.03115264797507788,0.8695652173913043
In,0.0384656133075368,0.031201248049921998,0.8695652173913043
In,0.0389932498520916,0.03125,0.8695652173913043
In,0.0390710032405202,0.03129890453834116,0.8695652173913043
In,0.0394859660449631,0.03134796238244514,0.8695652173913043
In,0.0397310583849894,0.03139717425431711,0.8695652173913043
In,0.0397461947920065,0.031446540880503145,0.8695652173913043
In,0.0397565905490576,0.031496062992125984,0.8695652173913043
In,0.0399101742499315,0.03164556962025317,0.8695652173913043
In,0.0402595952160482,0.03169572107765452,0.8695652173913043
In,0.0404375425467672,0.031746031746031744,0.8695652173913043
In,0.0409592197014707,0.03179650238473768,0.8695652173913043
In,0.041379068131923,0.03184713375796178,0.8695652173913043
In,0.0414316294193246,0.03189792663476874,0.8695652173913043
In,0.0416045435828215,0.03194888178913738,0.8695652173913043
In,0.0418435780906949,0.03210272873194221,0.8695652173913043
In,0.0418442619883612,0.03215434083601286,0.8695652173913043
In,0.0419921620655893,0.0322061191626409,0.8695652173913043
In,0.0420608352943709,0.03225806451612903,0.8695652173913043
In,0.0427472189265365,0.03231017770597738,0.8695652173913043
In,0.0432438901622855,0.032362459546925564,0.8695652173913043
In,0.043340034015109,0.03241491085899514,0.8695652173913043
In,0.0436314877497437,0.032520325203252036,0.8695652173913043
In,0.0440823246602271,0.03284072249589491,0.8695652173913043
In,0.0442594365134921,0.03289473684210526,0.8695652173913043
In,0.0447424307043007,0.033003300330033,0.8695652173913043
In,0.0448926239149697,0.03305785123966942,0.8695652173913043
In,0.0449780573073451,0.033112582781456956,0.8695652173913043
In,0.045305369852406,0.03316749585406302,0.8695652173913043
In,0.0455033447050212,0.033277870216306155,0.8695652173913043
In,0.0456432329945869,0.03333333333333333,0.8695652173913043
In,0.0457343854201106,0.0333889816360601,0.8695652173913043
In,0.045818718093107,0.03350083752093802,0.8695652173913043
In,0.0465353431032558,0.03355704697986577,0.8695652173913043
In,0.0484541348436318,0.03367003367003367,0.8695652173913043
In,0.0484639858868285,0.03372681281618887,0.8695652173913043
In,0.0488193089892864,0.03389830508474576,0.8695652173913043
In,0.0489534732436496,0.03395585738539898,0.8695652173913043
In,0.0489975311570868,0.034013605442176874,0.8695652173913043
In,0.0490309301611943,0.034129692832764506,0.8695652173913043
In,0.0491063590475004,0.03436426116838488,0.8695652173913043
In,0.04943159001161,0.03442340791738382,0.8695652173913043
In,0.0499332511160591,0.034482758620689655,0.8695652173913043
In,0.0510807058539201,0.03454231433506045,0.8695652173913043
In,0.0513844407275283,0.03460207612456748,0.8695652173913043
In,0.0514504639571952,0.03466204506065858,0.8695652173913043
In,0.0515068920047322,0.034722222222222224,0.8695652173913043
In,0.0515829105060703,0.034782608695652174,0.8695652173913043
In,0.0520441239288596,0.034904013961605584,0.8695652173913043
In,0.0521540589435534,0.03496503496503497,0.8695652173913043
In,0.0523441768905096,0.03502626970227671,0.8695652173913043
In,0.0527036278609639,0.035211267605633804,0.8695652173913043
In,0.05305734734251,0.03527336860670194,0.8695652173913043
In,0.0532885001524713,0.0353356890459364,0.8695652173913043
In,0.0533212060656496,0.035398230088495575,0.8695652173913043
In,0.0535621344061783,0.03546099290780142,0.8695652173913043
In,0.054098309011366,0.035523978685612786,0.8695652173913043
In,0.0544083096410106,0.03558718861209965,0.8695652173913043
In,0.0547517517479954,0.035650623885918005,0.8695652173913043
In,0.0549530506968519,0.03577817531305903,0.8695652173913043
In,0.0550289214372923,0.036036036036036036,0.8695652173913043
In,0.0552657353937584,0.03616636528028933,0.8695652173913043
In,0.0552687437541926,0.036231884057971016,0.8695652173913043
In,0.0556065675456365,0.036297640653357534,0.8695652173913043
In,0.0559613906499407,0.03636363636363636,0.8695652173913043
In,0.0560394079758774,0.03642987249544627,0.8695652173913043
In,0.0561209304372042,0.0364963503649635,0.8695652173913043
In,0.0561330640996006,0.03656307129798903,0.8695652173913043
In,0.0566214235823963,0.03663003663003663,0.8695652173913043
In,0.0568820929905562,0.03669724770642202,0.8695652173913043
In,0.0580156403482536,0.03676470588235294,0.8695652173913043
In,0.0581415849069544,0.03683241252302026,0.8695652173913043
In,0.0590312688588599,0.03690036900369004,0.8695652173913043
In,0.0599134604687481,0.037037037037037035,0.8695652173913043
In,0.0605620040457282,0.03710575139146568,0.8695652173913043
In,0.0609148848561059,0.03745318352059925,0.8695652173913043
In,0.0612607109286282,0.0375234521575985,0.8695652173913043
In,0.0612831209123119,0.03759398496240601,0.8695652173913043
In,0.0614310528925076,0.03773584905660377,0.8695652173913043
In,0.0615833315413492,0.03780718336483932,0.8695652173913043
In,0.0616171324744416,0.03787878787878788,0.8695652173913043
In,0.0617797880580041,0.03795066413662239,0.8695652173913043
In,0.0618862567107109,0.0380952380952381,0.8695652173913043
In,0.0626415890377449,0.03816793893129771,0.8695652173913043
In,0.0626958716437561,0.03824091778202677,0.8695652173913043
In,0.0629571990005508,0.038314176245210725,0.8695652173913043
In,0.0636771826200992,0.03838771593090211,0.8695652173913043
In,0.0648982056562621,0.038461538461538464,0.8695652173913043
In,0.0652540028158166,0.038535645472061654,0.8695652173913043
In,0.0659850659192526,0.03868471953578337,0.8695652173913043
In,0.0660652387711372,0.038910505836575876,0.8695652173913043
In,0.0664775776215028,0.03898635477582846,0.8695652173913043
In,0.0668168191683994,0.0390625,0.8695652173913043
In,0.066899422127121,0.03913894324853229,0.8695652173913043
In,0.0670165437771879,0.0392156862745098,0.8695652173913043
In,0.0670835515166122,0.03929273084479371,0.8695652173913043
In,0.0675253822362769,0.03937007874015748,0.8695652173913043
In,0.0676050223218438,0.03944773175542406,0.8695652173913043
In,0.0682740629417668,0.039525691699604744,0.8695652173913043
In,0.0683736098012739,0.039603960396039604,0.8695652173913043
In,0.0687932658474292,0.03968253968253968,0.8695652173913043
In,0.0692014402168016,0.039761431411530816,0.8695652173913043
In,0.069215703942335,0.0398406374501992,0.8695652173913043
In,0.0692515574490951,0.03992015968063872,0.8695652173913043
In,0.0694852951774547,0.04,0.8695652173913043
In,0.0696757734892938,0.04008016032064128,0.8695652173913043
In,0.0710959507948691,0.040160642570281124,0.8695652173913043
In,0.0712921114246534,0.04024144869215292,0.8695652173913043
In,0.0716885034488988,0.03441295546558704,0.7391304347826086
In,0.0721657264250053,0.034482758620689655,0.7391304347826086
In,0.0724879307661943,0.034764826175869123,0.7391304347826086
In,0.0726050694192522,0.03483606557377049,0.7391304347826086
In,0.0738438436121307,0.03497942386831276,0.7391304347826086
In,0.0739226285008163,0.03505154639175258,0.7391304347826086
In,0.0743852215914513,0.031055900621118012,0.6521739130434783
In,0.0745771192482068,0.03112033195020747,0.6521739130434783
In,0.0748246714198823,0.03125,0.6521739130434783
In,0.0749209407899401,0.031315240083507306,0.6521739130434783
In,0.0750020027253096,0.03138075313807531,0.6521739130434783
In,0.0750714306261064,0.031446540880503145,0.6521739130434783
In,0.0753503594403092,0.031512605042016806,0.6521739130434783
In,0.0754413548435301,0.031578947368421054,0.6521739130434783
In,0.0765182336207591,0.03177966101694915,0.6521739130434783
In,0.076573752763982,0.03184713375796178,0.6521739130434783
In,0.0765802222440303,0.031914893617021274,0.6521739130434783
In,0.0768914603889719,0.032119914346895075,0.6521739130434783
In,0.077161863165981,0.032188841201716736,0.6521739130434783
In,0.0779829869482175,0.03225806451612903,0.6521739130434783
In,0.0782722912026425,0.032327586206896554,0.6521739130434783
In,0.0783948997338691,0.032397408207343416,0.6521739130434783
In,0.0785086380317582,0.032467532467532464,0.6521739130434783
In,0.079096829416821,0.03253796095444685,0.6521739130434783
In,0.0797461378614613,0.03260869565217391,0.6521739130434783
In,0.0800504464335156,0.032679738562091505,0.6521739130434783
In,0.080087638343327,0.03275109170305677,0.6521739130434783
In,0.0805598669346949,0.03282275711159737,0.6521739130434783
In,0.0807076602210411,0.03289473684210526,0.6521739130434783
In,0.0808452026230581,0.03296703296703297,0.6521739130434783
In,0.0810361414648292,0.034403669724770644,0.6521739130434783
In,0.0811030735268441,0.03456221198156682,0.6521739130434783
In,0.0812464312964861,0.03464203233256351,0.6521739130434783
In,0.0812855980080342,0.034722222222222224,0.6521739130434783
In,0.0822793207118921,0.03480278422273782,0.6521739130434783
In,0.082351271722705,0.03488372093023256,0.6521739130434783
In,0.082466035758516,0.03496503496503497,0.6521739130434783
In,0.0825659832737584,0.03546099290780142,0.6521739130434783
In,0.0827185618800502,0.035545023696682464,0.6521739130434783
In,0.0828646079256606,0.035629453681710214,0.6521739130434783
In,0.0830722343530245,0.03571428571428571,0.6521739130434783
In,0.0831122176270008,0.03579952267303103,0.6521739130434783
In,0.0834497999993796,0.03588516746411483,0.6521739130434783
In,0.0837275570294054,0.03597122302158273,0.6521739130434783
In,0.0847266609557872,0.036057692307692304,0.6521739130434783
In,0.0858261936559453,0.03614457831325301,0.6521739130434783
In,0.0870361421197946,0.036231884057971016,0.6521739130434783
In,0.0871519511806988,0.03631961259079903,0.6521739130434783
In,0.0873246630744617,0.03640776699029126,0.6521739130434783
In,0.0874459127644251,0.0364963503649635,0.6521739130434783
In,0.087740776052725,0.036585365853658534,0.6521739130434783
In,0.0878828514465247,0.03667481662591687,0.6521739130434783
In,0.0880631065141258,0.036855036855036855,0.6521739130434783
In,0.0880978257536512,0.03694581280788178,0.6521739130434783
In,0.0881239261123146,0.037037037037037035,0.6521739130434783
In,0.0881555827149703,0.03712871287128713,0.6521739130434783
In,0.0886067876935923,0.03722084367245657,0.6521739130434783
In,0.0888687902245819,0.037783375314861464,0.6521739130434783
In,0.0899472398100527,0.03787878787878788,0.6521739130434783
In,0.0900433481644925,0.0379746835443038,0.6521739130434783
In,0.0900713127520833,0.03807106598984772,0.6521739130434783
In,0.0905732032958865,0.03816793893129771,0.6521739130434783
In,0.0908636404496595,0.038461538461538464,0.6521739130434783
In,0.0913243275914222,0.038560411311053984,0.6521739130434783
In,0.0914118550479178,0.03865979381443299,0.6521739130434783
In,0.0921678643017585,0.03875968992248062,0.6521739130434783
In,0.0922006610648554,0.038860103626943004,0.6521739130434783
In,0.0922514529616113,0.03896103896103896,0.6521739130434783
In,0.0922567619530779,0.0390625,0.6521739130434783
In,0.0925267411786384,0.0391644908616188,0.6521739130434783
In,0.0930587300716525,0.03926701570680628,0.6521739130434783
In,0.0931685698189779,0.039473684210526314,0.6521739130434783
In,0.0937533340784526,0.0395778364116095,0.6521739130434783
In,0.0939488393169912,0.03968253968253968,0.6521739130434783
In,0.0941438313957441,0.03978779840848806,0.6521739130434783
In,0.0942163023198374,0.04,0.6521739130434783
In,0.0942441115293242,0.040106951871657755,0.6521739130434783
In,0.0943101928010367,0.040214477211796246,0.6521739130434783
In,0.0944100266379877,0.04032258064516129,0.6521739130434783
In,0.0950166953413376,0.04054054054054054,0.6521739130434783
In,0.0956871463881966,0.04065040650406504,0.6521739130434783
In,0.0957266706680115,0.04076086956521739,0.6521739130434783
In,0.0963749341566684,0.04087193460490463,0.6521739130434783
In,0.0966122102060069,0.040983606557377046,0.6521739130434783
In,0.0968876275178486,0.04120879120879121,0.6521739130434783
In,0.0971500538214188,0.04132231404958678,0.6521739130434783
In,0.0971666999184256,0.04143646408839779,0.6521739130434783
In,0.0973519972107777,0.04155124653739612,0.6521739130434783
In,0.0975365944628627,0.042492917847025496,0.6521739130434783
In,0.0976292462107485,0.04261363636363636,0.6521739130434783
In,0.0979999119675847,0.042735042735042736,0.6521739130434783
In,0.0991077699677488,0.04285714285714286,0.6521739130434783
In,0.0994001533689634,0.04297994269340974,0.6521739130434783
In,0.099667012328741,0.04310344827586207,0.6521739130434783
In,0.0998084823827439,0.043227665706051875,0.6521739130434783
In,0.0998177559934013,0.04335260115606936,0.6521739130434783
In,0.100008885703984,0.043478260869565216,0.6521739130434783
In,0.1004481410852546,0.04491017964071856,0.6521739130434783
In,0.1010417874762173,0.04504504504504504,0.6521739130434783
In,0.101183311003945,0.045180722891566265,0.6521739130434783
In,0.1015101910706894,0.045871559633027525,0.6521739130434783
In,0.1022286000630144,0.046012269938650305,0.6521739130434783
In,0.1024305992678128,0.046153846153846156,0.6521739130434783
In,0.1028794364222014,0.046296296296296294,0.6521739130434783
In,0.1036758407313915,0.04672897196261682,0.6521739130434783
In,0.1038688394332195,0.046875,0.6521739130434783
In,0.1041922263307006,0.047021943573667714,0.6521739130434783
In,0.1042232797617462,0.04716981132075472,0.6521739130434783
In,0.1047864132063162,0.04746835443037975,0.6521739130434783
In,0.1048332771209464,0.047619047619047616,0.6521739130434783
In,0.1051419453914385,0.04777070063694268,0.6521739130434783
In,0.1055356741896597,0.04823151125401929,0.6521739130434783
In,0.1060387286406925,0.04838709677419355,0.6521739130434783
In,0.1070699778245927,0.04854368932038835,0.6521739130434783
In,0.1075707645087922,0.048701298701298704,0.6521739130434783
In,0.1077955639415874,0.048859934853420196,0.6521739130434783
In,0.1078562922437077,0.049019607843137254,0.6521739130434783
In,0.107966603577651,0.04918032786885246,0.6521739130434783
In,0.1081000802107741,0.05016722408026756,0.6521739130434783
In,0.1085933397840405,0.050505050505050504,0.6521739130434783
In,0.108954432126734,0.05067567567567568,0.6521739130434783
In,0.1094062982622908,0.05084745762711865,0.6521739130434783
In,0.109530826379892,0.05102040816326531,0.6521739130434783
In,0.1095889562527883,0.051194539249146756,0.6521739130434783
In,0.1096855936775708,0.05136986301369863,0.6521739130434783
In,0.1098043882511601,0.05154639175257732,0.6521739130434783
In,0.110108291837435,0.05172413793103448,0.6521739130434783
In,0.1108533415670185,0.05190311418685121,0.6521739130434783
In,0.1110270844243074,0.052083333333333336,0.6521739130434783
In,0.1112382855374775,0.05226480836236934,0.6521739130434783
In,0.1115041129777916,0.05244755244755245,0.6521739130434783
In,0.1117378132440042,0.053003533568904596,0.6521739130434783
In,0.1119995935313169,0.05319148936170213,0.6521739130434783
In,0.1120625509764051,0.05338078291814947,0.6521739130434783
In,0.1123321437146096,0.05357142857142857,0.6521739130434783
In,0.1126426119542198,0.0539568345323741,0.6521739130434783
In,0.1133112930806868,0.05415162454873646,0.6521739130434783
In,0.1134610243886847,0.05434782608695652,0.6521739130434783
In,0.1137779681305227,0.05454545454545454,0.6521739130434783
In,0.1140353773145897,0.05474452554744526,0.6521739130434783
In,0.1141162536495523,0.054945054945054944,0.6521739130434783
In,0.1143736988327159,0.05514705882352941,0.6521739130434783
In,0.1145095610194747,0.055350553505535055,0.6521739130434783
In,0.1152084905761982,0.055762081784386616,0.6521739130434783
In,0.1153404097187574,0.055970149253731345,0.6521739130434783
In,0.1153659649161799,0.056179775280898875,0.6521739130434783
In,0.11589497472156,0.05639097744360902,0.6521739130434783
In,0.1160831014726553,0.056818181818181816,0.6521739130434783
In,0.1164768918366077,0.057034220532319393,0.6521739130434783
In,0.1168641251132436,0.057692307692307696,0.6521739130434783
In,0.117525041554849,0.05791505791505792,0.6521739130434783
In,0.1176703644883467,0.05813953488372093,0.6521739130434783
In,0.1183645153579732,0.058365758754863814,0.6521739130434783
In,0.1186722098016334,0.05859375,0.6521739130434783
In,0.1187176448705075,0.058823529411764705,0.6521739130434783
In,0.1189056739197442,0.05905511811023622,0.6521739130434783
In,0.1197245605044451,0.06,0.6521739130434783
In,0.1197737279219931,0.060240963855421686,0.6521739130434783
In,0.1201077733167351,0.06048387096774194,0.6521739130434783
In,0.1202327054907268,0.06072874493927125,0.6521739130434783
In,0.1203197419251891,0.061224489795918366,0.6521739130434783
In,0.1206264675540168,0.06172839506172839,0.6521739130434783
In,0.120761133976459,0.06198347107438017,0.6521739130434783
In,0.1209495703286073,0.06224066390041494,0.6521739130434783
In,0.1215618478056191,0.0625,0.6521739130434783
In,0.1217633413820136,0.06276150627615062,0.6521739130434783
In,0.1219356279585728,0.06329113924050633,0.6521739130434783
In,0.1223694476456284,0.0635593220338983,0.6521739130434783
In,0.1227488577196912,0.06382978723404255,0.6521739130434783
In,0.1235727198124378,0.0641025641025641,0.6521739130434783
In,0.1241379296185734,0.06521739130434782,0.6521739130434783
In,0.1242333506635297,0.06550218340611354,0.6521739130434783
In,0.1244234444053521,0.06607929515418502,0.6521739130434783
In,0.1247016861308706,0.06637168141592921,0.6521739130434783
In,0.1250316554840868,0.06666666666666667,0.6521739130434783
In,0.1251253039582727,0.06696428571428571,0.6521739130434783
In,0.1254740043011953,0.06726457399103139,0.6521739130434783
In,0.1259217941178905,0.06756756756756757,0.6521739130434783
In,0.1267105892888185,0.06787330316742081,0.6521739130434783
In,0.1271786834791937,0.06818181818181818,0.6521739130434783
In,0.127196796916612,0.06880733944954129,0.6521739130434783
In,0.1275404705513344,0.06912442396313365,0.6521739130434783
In,0.1278933124528367,0.06944444444444445,0.6521739130434783
In,0.1290610109894743,0.06976744186046512,0.6521739130434783
In,0.1293077616662917,0.07009345794392523,0.6521739130434783
In,0.1293980067657805,0.07042253521126761,0.6521739130434783
In,0.1295202903771493,0.07075471698113207,0.6521739130434783
In,0.130116291179245,0.07109004739336493,0.6521739130434783
In,0.1301757544902798,0.07142857142857142,0.6521739130434783
In,0.1305486774704173,0.07177033492822966,0.6521739130434783
In,0.1305753628213973,0.07211538461538461,0.6521739130434783
In,0.1307444239823049,0.07246376811594203,0.6521739130434783
In,0.1310805548931772,0.07281553398058252,0.6521739130434783
In,0.1312609468877245,0.07317073170731707,0.6521739130434783
In,0.1316250806837798,0.07352941176470588,0.6521739130434783
In,0.1316492714944417,0.07389162561576355,0.6521739130434783
In,0.1328737583053919,0.07425742574257425,0.6521739130434783
In,0.1330107241079368,0.07462686567164178,0.6521739130434783
In,0.1335944236496392,0.075,0.6521739130434783
In,0.1336792423005517,0.07575757575757576,0.6521739130434783
In,0.1338840418995203,0.07614213197969544,0.6521739130434783
In,0.1339217750244673,0.07692307692307693,0.6521739130434783
In,0.133994881061775,0.07772020725388601,0.6521739130434783
In,0.1340232500186542,0.078125,0.6521739130434783
In,0.1340920578230839,0.07853403141361257,0.6521739130434783
In,0.1350927148970145,0.08823529411764706,0.6521739130434783
In,0.13612292107281,0.08875739644970414,0.6521739130434783
In,0.1365004223024183,0.08928571428571429,0.6521739130434783
In,0.1369271635331062,0.09036144578313253,0.6521739130434783
In,0.1373849241004028,0.09146341463414634,0.6521739130434783
In,0.1378624803466592,0.09202453987730061,0.6521739130434783
In,0.1379212206986737,0.09259259259259259,0.6521739130434783
In,0.1379471000403912,0.09316770186335403,0.6521739130434783
In,0.1382977910194054,0.09375,0.6521739130434783
In,0.1383112823447754,0.09433962264150944,0.6521739130434783
In,0.1386099899686332,0.09615384615384616,0.6521739130434783
In,0.1390895589215564,0.09032258064516129,0.6086956521739131
In,0.1396821565873784,0.09090909090909091,0.6086956521739131
In,0.1397348993467591,0.09210526315789473,0.6086956521739131
In,0.139940233858569,0.09271523178807947,0.6086956521739131
In,0.1401000451235918,0.09333333333333334,0.6086956521739131
In,0.1402361785199466,0.09395973154362416,0.6086956521739131
In,0.1405528425006179,0.0945945945945946,0.6086956521739131
In,0.1406910517813485,0.09523809523809523,0.6086956521739131
In,0.1416892275500971,0.0958904109589041,0.6086956521739131
In,0.1417654833913564,0.09655172413793103,0.6086956521739131
In,0.1418819947801839,0.09722222222222222,0.6086956521739131
In,0.1428992230986622,0.09859154929577464,0.6086956521739131
In,0.1429542227616357,0.10294117647058823,0.6086956521739131
In,0.1435533045039796,0.1037037037037037,0.6086956521739131
In,0.1436634559266576,0.1044776119402985,0.6086956521739131
In,0.143710973061943,0.109375,0.6086956521739131
In,0.1438770174791148,0.11570247933884298,0.6086956521739131
In,0.143880631927304,0.11666666666666667,0.6086956521739131
In,0.144013957557884,0.11764705882352941,0.6086956521739131
In,0.1442701393830532,0.11864406779661017,0.6086956521739131
In,0.1451822473150176,0.1206896551724138,0.6086956521739131
In,0.1453424964875674,0.12173913043478261,0.6086956521739131
In,0.1455069644925578,0.12280701754385964,0.6086956521739131
In,0.1463639690868174,0.12389380530973451,0.6086956521739131
In,0.1466537164726109,0.125,0.6086956521739131
In,0.147356404474542,0.12612612612612611,0.6086956521739131
In,0.1485186068021354,0.12727272727272726,0.6086956521739131
In,0.1487544092141334,0.12844036697247707,0.6086956521739131
In,0.1491896635219596,0.12962962962962962,0.6086956521739131
In,0.149682252063205,0.1308411214953271,0.6086956521739131
In,0.1497369613593699,0.1320754716981132,0.6086956521739131
In,0.1509192653972866,0.13333333333333333,0.6086956521739131
In,0.1511754428198144,0.13592233009708737,0.6086956521739131
In,0.1511859202110862,0.13725490196078433,0.6086956521739131
In,0.1512838267966981,0.14,0.6086956521739131
In,0.1517634084434788,0.14285714285714285,0.6086956521739131
In,0.1519365920909765,0.14432989690721648,0.6086956521739131
In,0.1520606713389451,0.14583333333333334,0.6086956521739131
In,0.1534796406227863,0.1590909090909091,0.6086956521739131
In,0.1535870556260904,0.16091954022988506,0.6086956521739131
In,0.1537314406557411,0.16279069767441862,0.6086956521739131
In,0.1548625464763883,0.16470588235294117,0.6086956521739131
In,0.1550636554680913,0.16666666666666666,0.6086956521739131
In,0.1560730325887576,0.1686746987951807,0.6086956521739131
In,0.1576762988124713,0.17073170731707318,0.6086956521739131
In,0.1583569534991221,0.1728395061728395,0.6086956521739131
In,0.1586857707184353,0.175,0.6086956521739131
In,0.159004351955399,0.17721518987341772,0.6086956521739131
In,0.1590225790398576,0.1794871794871795,0.6086956521739131
In,0.1596039500059753,0.18181818181818182,0.6086956521739131
In,0.1606051179192823,0.1917808219178082,0.6086956521739131
In,0.1611277596020768,0.19444444444444445,0.6086956521739131
In,0.1616678980851651,0.19718309859154928,0.6086956521739131
In,0.1618306591491417,0.2,0.6086956521739131
In,0.1622436437097888,0.18840579710144928,0.5652173913043478
In,0.1629558577431263,0.19117647058823528,0.5652173913043478
In,0.1641167835285579,0.19402985074626866,0.5652173913043478
In,0.165164188871844,0.20634920634920634,0.5652173913043478
In,0.1656191151173104,0.20967741935483872,0.5652173913043478
In,0.165685769417744,0.21311475409836064,0.5652173913043478
In,0.1657555855623926,0.21666666666666667,0.5652173913043478
In,0.1661808726851107,0.22033898305084745,0.5652173913043478
In,0.167446285512657,0.22413793103448276,0.5652173913043478
In,0.1686009479458387,0.22807017543859648,0.5652173913043478
In,0.1687756588478859,0.23214285714285715,0.5652173913043478
In,0.1696376202920304,0.23636363636363636,0.5652173913043478
In,0.1714699377909797,0.24074074074074073,0.5652173913043478
In,0.1716996280455042,0.24528301886792453,0.5652173913043478
In,0.1718838616726562,0.25,0.5652173913043478
In,0.1731423116587321,0.2549019607843137,0.5652173913043478
In,0.1731829230583781,0.26,0.5652173913043478
In,0.1732896285195712,0.2653061224489796,0.5652173913043478
In,0.1761109192688316,0.2708333333333333,0.5652173913043478
In,0.1766091688301768,0.2826086956521739,0.5652173913043478
In,0.1769363251314019,0.26666666666666666,0.5217391304347826
In,0.1773885668896961,0.2727272727272727,0.5217391304347826
In,0.1785233280852207,0.27906976744186046,0.5217391304347826
In,0.1804581779044591,0.2857142857142857,0.5217391304347826
In,0.180715249063069,0.2926829268292683,0.5217391304347826
In,0.1807163132754642,0.3,0.5217391304347826
In,0.1818940473020481,0.28205128205128205,0.4782608695652174
In,0.1819364284531831,0.2894736842105263,0.4782608695652174
In,0.1826956052509888,0.2972972972972973,0.4782608695652174
In,0.1892510711225902,0.2777777777777778,0.43478260869565216
In,0.1910200649743844,0.2571428571428571,0.391304347826087
In,0.1910898967058343,0.23529411764705882,0.34782608695652173
In,0.1932228088364632,0.21212121212121213,0.30434782608695654
In,0.1933796870018885,0.21875,0.30434782608695654
In,0.1939213563958981,0.1935483870967742,0.2608695652173913
In,0.1939929470340639,0.16666666666666666,0.21739130434782608
In,0.194020453733493,0.1724137931034483,0.21739130434782608
In,0.1956675488295022,0.17857142857142858,0.21739130434782608
In,0.1959823999960074,0.18518518518518517,0.21739130434782608
In,0.1962678179691132,0.19230769230769232,0.21739130434782608
In,0.1994949876061672,0.2,0.21739130434782608
In,0.2040393594596036,0.20833333333333334,0.21739130434782608
In,0.2054852368305256,0.21739130434782608,0.21739130434782608
In,0.2104372238124456,0.22727272727272727,0.21739130434782608
In,0.2112629714271221,0.23809523809523808,0.21739130434782608
In,0.2120740295224558,0.25,0.21739130434782608
In,0.2175016994723995,0.2631578947368421,0.21739130434782608
In,0.2200900742184824,0.2777777777777778,0.21739130434782608
In,0.2210204065658405,0.29411764705882354,0.21739130434782608
In,0.2212980310111448,0.3125,0.21739130434782608
In,0.2220852380158777,0.3333333333333333,0.21739130434782608
In,0.2244433336170181,0.35714285714285715,0.21739130434782608
In,0.227011870711958,0.38461538461538464,0.21739130434782608
In,0.2274836937419498,0.4166666666666667,0.21739130434782608
In,0.2308550700019187,0.45454545454545453,0.21739130434782608
In,0.2314667018963994,0.5,0.21739130434782608
In,0.2323196720001163,0.4444444444444444,0.17391304347826086
In,0.2358994937875924,0.5,0.17391304347826086
In,0.2438005079992667,0.5714285714285714,0.17391304347826086
In,0.2459459061601755,0.5,0.13043478260869565
In,0.2517953335272596,0.6,0.13043478260869565
In,0.2585837088611459,0.5,0.08695652173913043
In,0.2638129113164149,0.6666666666666666,0.08695652173913043
In,0.2690050320691316,0.5,0.043478260869565216
In,0.2792570838380193,0.0,0.0
In,,1.0,0.0
